problem,method,family,instance_id,n,objective_value,optimality_gap,runtime_seconds
scheduling,DP,sparse,0,20,793.0,0.0,2.2599997464567423e-05
scheduling,Greedy_EF,sparse,0,20,747.0,0.058007566204287514,1.9800005247816443e-05
scheduling,Greedy_HW,sparse,0,20,793.0,0.0,1.4900011592544615e-05
scheduling,Greedy_BR,sparse,0,20,765.0,0.03530895334174023,2.0500010577961802e-05
scheduling,ML_RF,sparse,0,20,793,0.0,0.02727730000333395
scheduling,ML_MLP,sparse,0,20,793,0.0,0.001082599992514588
scheduling,DP,sparse,1,20,725.0,0.0,4.3199994252063334e-05
scheduling,Greedy_EF,sparse,1,20,674.0,0.0703448275862069,2.5600005756132305e-05
scheduling,Greedy_HW,sparse,1,20,675.0,0.06896551724137931,2.030000905506313e-05
scheduling,Greedy_BR,sparse,1,20,675.0,0.06896551724137931,2.7000001864507794e-05
scheduling,ML_RF,sparse,1,20,675,0.06896551724137931,0.026684900003601797
scheduling,ML_MLP,sparse,1,20,725,0.0,0.0007589000015286729
scheduling,DP,sparse,2,20,857.0,0.0,2.239999594166875e-05
scheduling,Greedy_EF,sparse,2,20,857.0,0.0,1.580000389367342e-05
scheduling,Greedy_HW,sparse,2,20,857.0,0.0,1.3600001693703234e-05
scheduling,Greedy_BR,sparse,2,20,857.0,0.0,1.8799997633323073e-05
scheduling,ML_RF,sparse,2,20,857,0.0,0.025545500000589527
scheduling,ML_MLP,sparse,2,20,857,0.0,0.0007945999968796968
scheduling,DP,sparse,3,20,862.0,0.0,2.2799998987466097e-05
scheduling,Greedy_EF,sparse,3,20,760.0,0.11832946635730858,2.099999983329326e-05
scheduling,Greedy_HW,sparse,3,20,862.0,0.0,1.6699996194802225e-05
scheduling,Greedy_BR,sparse,3,20,822.0,0.04640371229698376,2.169999061152339e-05
scheduling,ML_RF,sparse,3,20,862,0.0,0.02589089999673888
scheduling,ML_MLP,sparse,3,20,862,0.0,0.0008458000083919615
scheduling,DP,sparse,4,20,826.0,0.0,2.19999928958714e-05
scheduling,Greedy_EF,sparse,4,20,728.0,0.11864406779661017,1.5700003132224083e-05
scheduling,Greedy_HW,sparse,4,20,826.0,0.0,1.340000017080456e-05
scheduling,Greedy_BR,sparse,4,20,806.0,0.024213075060532687,1.7700003809295595e-05
scheduling,ML_RF,sparse,4,20,826,0.0,0.025703399995109066
scheduling,ML_MLP,sparse,4,20,826,0.0,0.0007248999900184572
scheduling,DP,sparse,5,20,770.0,0.0,2.2100008209235966e-05
scheduling,Greedy_EF,sparse,5,20,686.0,0.10909090909090909,1.6200006939470768e-05
scheduling,Greedy_HW,sparse,5,20,770.0,0.0,1.4399993233382702e-05
scheduling,Greedy_BR,sparse,5,20,729.0,0.053246753246753244,1.930000144056976e-05
scheduling,ML_RF,sparse,5,20,764,0.007792207792207792,0.026814899989403784
scheduling,ML_MLP,sparse,5,20,764,0.007792207792207792,0.0010494000016478822
scheduling,DP,sparse,6,20,733.0,0.0,2.2299995180219412e-05
scheduling,Greedy_EF,sparse,6,20,667.0,0.09004092769440655,1.6299993149004877e-05
scheduling,Greedy_HW,sparse,6,20,733.0,0.0,1.4200006262399256e-05
scheduling,Greedy_BR,sparse,6,20,708.0,0.034106412005457026,1.9500002963468432e-05
scheduling,ML_RF,sparse,6,20,733,0.0,0.024960900002042763
scheduling,ML_MLP,sparse,6,20,733,0.0,0.0011976999958278611
scheduling,DP,sparse,7,20,759.0,0.0,2.2100008209235966e-05
scheduling,Greedy_EF,sparse,7,20,715.0,0.057971014492753624,1.5999990864656866e-05
scheduling,Greedy_HW,sparse,7,20,727.0,0.04216073781291173,1.2799995602108538e-05
scheduling,Greedy_BR,sparse,7,20,752.0,0.00922266139657444,1.8400009139440954e-05
scheduling,ML_RF,sparse,7,20,759,0.0,0.024962700001196936
scheduling,ML_MLP,sparse,7,20,727,0.04216073781291173,0.0008473999914713204
scheduling,DP,sparse,8,20,612.0,0.0,2.160000440198928e-05
scheduling,Greedy_EF,sparse,8,20,454.0,0.2581699346405229,1.3700002455152571e-05
scheduling,Greedy_HW,sparse,8,20,612.0,0.0,1.09999964479357e-05
scheduling,Greedy_BR,sparse,8,20,612.0,0.0,1.619999238755554e-05
scheduling,ML_RF,sparse,8,20,612,0.0,0.02535929999430664
scheduling,ML_MLP,sparse,8,20,612,0.0,0.0007990000012796372
scheduling,DP,sparse,9,20,808.0,0.0,2.8700000257231295e-05
scheduling,Greedy_EF,sparse,9,20,692.0,0.14356435643564355,2.0699997548945248e-05
scheduling,Greedy_HW,sparse,9,20,808.0,0.0,1.6699996194802225e-05
scheduling,Greedy_BR,sparse,9,20,768.0,0.04950495049504951,2.3600005079060793e-05
scheduling,ML_RF,sparse,9,20,808,0.0,0.025896000006468967
scheduling,ML_MLP,sparse,9,20,808,0.0,0.0007033000001683831
scheduling,DP,sparse,10,50,1701.0,0.0,7.029999687802047e-05
scheduling,Greedy_EF,sparse,10,50,1526.0,0.102880658436214,4.679999256040901e-05
scheduling,Greedy_HW,sparse,10,50,1631.0,0.0411522633744856,4.7599998652003706e-05
scheduling,Greedy_BR,sparse,10,50,1688.0,0.007642563198118754,5.780000356025994e-05
scheduling,ML_RF,sparse,10,50,1701,0.0,0.02664050000021234
scheduling,ML_MLP,sparse,10,50,1688,0.007642563198118754,0.0014017000066814944
scheduling,DP,sparse,11,50,1773.0,0.0,6.979999307077378e-05
scheduling,Greedy_EF,sparse,11,50,1545.0,0.12859560067681894,4.749999789055437e-05
scheduling,Greedy_HW,sparse,11,50,1738.0,0.019740552735476594,4.8300003982149065e-05
scheduling,Greedy_BR,sparse,11,50,1496.0,0.1562323745064862,6.120000034570694e-05
scheduling,ML_RF,sparse,11,50,1773,0.0,0.025645200003054924
scheduling,ML_MLP,sparse,11,50,1773,0.0,0.0013156999921193346
scheduling,DP,sparse,12,50,1765.0,0.0,7.029999687802047e-05
scheduling,Greedy_EF,sparse,12,50,1483.0,0.15977337110481588,4.719999560620636e-05
scheduling,Greedy_HW,sparse,12,50,1728.0,0.020963172804532578,4.939999780617654e-05
scheduling,Greedy_BR,sparse,12,50,1706.0,0.03342776203966006,6.160000339150429e-05
scheduling,ML_RF,sparse,12,50,1728,0.020963172804532578,0.02642980001110118
scheduling,ML_MLP,sparse,12,50,1765,0.0,0.001283499994315207
scheduling,DP,sparse,13,50,1929.0,0.0,7.2900002123788e-05
scheduling,Greedy_EF,sparse,13,50,1759.0,0.08812856402280975,5.2100003813393414e-05
scheduling,Greedy_HW,sparse,13,50,1896.0,0.017107309486780714,5.399998917710036e-05
scheduling,Greedy_BR,sparse,13,50,1905.0,0.012441679626749611,7.080000068526715e-05
scheduling,ML_RF,sparse,13,50,1929,0.0,0.026170299999648705
scheduling,ML_MLP,sparse,13,50,1929,0.0,0.0013258999970275909
scheduling,DP,sparse,14,50,1845.0,0.0,7.160000677686185e-05
scheduling,Greedy_EF,sparse,14,50,1604.0,0.13062330623306234,4.719999560620636e-05
scheduling,Greedy_HW,sparse,14,50,1845.0,0.0,5.259999306872487e-05
scheduling,Greedy_BR,sparse,14,50,1806.0,0.02113821138211382,6.36000040685758e-05
scheduling,ML_RF,sparse,14,50,1835,0.005420054200542005,0.026211100004729815
scheduling,ML_MLP,sparse,14,50,1835,0.005420054200542005,0.001259199998457916
scheduling,DP,sparse,15,50,1968.0,0.0,7.179999374784529e-05
scheduling,Greedy_EF,sparse,15,50,1861.0,0.05436991869918699,4.879999323748052e-05
scheduling,Greedy_HW,sparse,15,50,1968.0,0.0,5.7199998991563916e-05
scheduling,Greedy_BR,sparse,15,50,1953.0,0.007621951219512195,6.9500005338341e-05
scheduling,ML_RF,sparse,15,50,1968,0.0,0.025997900011134334
scheduling,ML_MLP,sparse,15,50,1968,0.0,0.001279799995245412
scheduling,DP,sparse,16,50,1778.0,0.0,0.0001109000004362315
scheduling,Greedy_EF,sparse,16,50,1653.0,0.0703037120359955,7.40000104997307e-05
scheduling,Greedy_HW,sparse,16,50,1734.0,0.024746906636670417,7.37000082153827e-05
scheduling,Greedy_BR,sparse,16,50,1732.0,0.025871766029246346,7.12000037310645e-05
scheduling,ML_RF,sparse,16,50,1778,0.0,0.026043299993034452
scheduling,ML_MLP,sparse,16,50,1778,0.0,0.0012860999995609745
scheduling,DP,sparse,17,50,1914.0,0.0,7.12000037310645e-05
scheduling,Greedy_EF,sparse,17,50,1655.0,0.13531870428422152,5.3799987654201686e-05
scheduling,Greedy_HW,sparse,17,50,1914.0,0.0,5.5199998314492404e-05
scheduling,Greedy_BR,sparse,17,50,1819.0,0.04963427377220481,6.690000009257346e-05
scheduling,ML_RF,sparse,17,50,1906,0.0041797283176593526,0.028011400005198084
scheduling,ML_MLP,sparse,17,50,1914,0.0,0.0012443999876268208
scheduling,DP,sparse,18,50,1834.0,0.0,6.989999383222312e-05
scheduling,Greedy_EF,sparse,18,50,1607.0,0.123773173391494,4.600000102072954e-05
scheduling,Greedy_HW,sparse,18,50,1834.0,0.0,5.629999213851988e-05
scheduling,Greedy_BR,sparse,18,50,1733.0,0.05507088331515812,7.300000288523734e-05
scheduling,ML_RF,sparse,18,50,1834,0.0,0.026871699999901466
scheduling,ML_MLP,sparse,18,50,1834,0.0,0.0015290000010281801
scheduling,DP,sparse,19,50,1930.0,0.0,7.190000906120986e-05
scheduling,Greedy_EF,sparse,19,50,1757.0,0.08963730569948186,4.9899987061508e-05
scheduling,Greedy_HW,sparse,19,50,1894.0,0.01865284974093264,4.9700000090524554e-05
scheduling,Greedy_BR,sparse,19,50,1930.0,0.0,6.590000702999532e-05
scheduling,ML_RF,sparse,19,50,1928,0.0010362694300518134,0.0268971000041347
scheduling,ML_MLP,sparse,19,50,1925,0.0025906735751295338,0.0010790000087581575
scheduling,DP,dense,20,20,282.0,0.0,2.0899999071843922e-05
scheduling,Greedy_EF,dense,20,20,273.0,0.031914893617021274,1.2100004823878407e-05
scheduling,Greedy_HW,dense,20,20,205.0,0.2730496453900709,8.29999044071883e-06
scheduling,Greedy_BR,dense,20,20,279.0,0.010638297872340425,1.3900003978051245e-05
scheduling,ML_RF,dense,20,20,273,0.031914893617021274,0.026706099990406074
scheduling,ML_MLP,dense,20,20,280,0.0070921985815602835,0.0007974999898578972
scheduling,DP,dense,21,20,288.0,0.0,2.1800005924887955e-05
scheduling,Greedy_EF,dense,21,20,171.0,0.40625,1.3500000932253897e-05
scheduling,Greedy_HW,dense,21,20,200.0,0.3055555555555556,8.90000956133008e-06
scheduling,Greedy_BR,dense,21,20,188.0,0.3472222222222222,1.3699987903237343e-05
scheduling,ML_RF,dense,21,20,288,0.0,0.02668690000427887
scheduling,ML_MLP,dense,21,20,288,0.0,0.0007507999980589375
scheduling,DP,dense,22,20,325.0,0.0,2.1400002879090607e-05
scheduling,Greedy_EF,dense,22,20,184.0,0.4338461538461538,1.2299991794861853e-05
scheduling,Greedy_HW,dense,22,20,325.0,0.0,8.699993486516178e-06
scheduling,Greedy_BR,dense,22,20,284.0,0.12615384615384614,1.4600009308196604e-05
scheduling,ML_RF,dense,22,20,284,0.12615384615384614,0.02578419999917969
scheduling,ML_MLP,dense,22,20,284,0.12615384615384614,0.0008169999928213656
scheduling,DP,dense,23,20,194.0,0.0,2.0800012862309813e-05
scheduling,Greedy_EF,dense,23,20,132.0,0.31958762886597936,1.0900010238401592e-05
scheduling,Greedy_HW,dense,23,20,194.0,0.0,7.499998901039362e-06
scheduling,Greedy_BR,dense,23,20,166.0,0.14432989690721648,1.1900003300979733e-05
scheduling,ML_RF,dense,23,20,166,0.14432989690721648,0.027523099997779354
scheduling,ML_MLP,dense,23,20,166,0.14432989690721648,0.0006570000114152208
scheduling,DP,dense,24,20,466.0,0.0,2.19999928958714e-05
scheduling,Greedy_EF,dense,24,20,466.0,0.0,1.3299999409355223e-05
scheduling,Greedy_HW,dense,24,20,466.0,0.0,9.099996532313526e-06
scheduling,Greedy_BR,dense,24,20,348.0,0.2532188841201717,1.7300000763498247e-05
scheduling,ML_RF,dense,24,20,445,0.045064377682403435,0.025446700004977174
scheduling,ML_MLP,dense,24,20,369,0.20815450643776823,0.0009608999971533194
scheduling,DP,dense,25,20,361.0,0.0,2.1200001356191933e-05
scheduling,Greedy_EF,dense,25,20,274.0,0.2409972299168975,1.2299991794861853e-05
scheduling,Greedy_HW,dense,25,20,333.0,0.07756232686980609,8.999995770864189e-06
scheduling,Greedy_BR,dense,25,20,361.0,0.0,1.3700002455152571e-05
scheduling,ML_RF,dense,25,20,361,0.0,0.02520209999056533
scheduling,ML_MLP,dense,25,20,361,0.0,0.0007643999997526407
scheduling,DP,dense,26,20,377.0,0.0,2.1799991372972727e-05
scheduling,Greedy_EF,dense,26,20,341.0,0.09549071618037135,1.3500000932253897e-05
scheduling,Greedy_HW,dense,26,20,283.0,0.2493368700265252,8.699993486516178e-06
scheduling,Greedy_BR,dense,26,20,377.0,0.0,1.5099998563528061e-05
scheduling,ML_RF,dense,26,20,377,0.0,0.02559340000152588
scheduling,ML_MLP,dense,26,20,377,0.0,0.0008625999907962978
scheduling,DP,dense,27,20,265.0,0.0,6.970000686123967e-05
scheduling,Greedy_EF,dense,27,20,197.0,0.25660377358490566,4.130000888835639e-05
scheduling,Greedy_HW,dense,27,20,215.0,0.18867924528301888,9.099996532313526e-06
scheduling,Greedy_BR,dense,27,20,252.0,0.04905660377358491,1.9399987650103867e-05
scheduling,ML_RF,dense,27,20,265,0.0,0.025871499994536862
scheduling,ML_MLP,dense,27,20,265,0.0,0.001080700007150881
scheduling,DP,dense,28,20,177.0,0.0,2.0699997548945248e-05
scheduling,Greedy_EF,dense,28,20,169.0,0.04519774011299435,1.2099990271963179e-05
scheduling,Greedy_HW,dense,28,20,93.0,0.4745762711864407,7.399998139590025e-06
scheduling,Greedy_BR,dense,28,20,169.0,0.04519774011299435,1.2699994840659201e-05
scheduling,ML_RF,dense,28,20,169,0.04519774011299435,0.024868699998478405
scheduling,ML_MLP,dense,28,20,169,0.04519774011299435,0.0007145000126911327
scheduling,DP,dense,29,20,316.0,0.0,2.1500003640539944e-05
scheduling,Greedy_EF,dense,29,20,243.0,0.2310126582278481,1.2499993317760527e-05
scheduling,Greedy_HW,dense,29,20,283.0,0.10443037974683544,8.700008038431406e-06
scheduling,Greedy_BR,dense,29,20,285.0,0.0981012658227848,1.5199999324977398e-05
scheduling,ML_RF,dense,29,20,243,0.2310126582278481,0.02604810000048019
scheduling,ML_MLP,dense,29,20,243,0.2310126582278481,0.0007949999999254942
scheduling,DP,dense,30,50,484.0,0.0,6.810000922996551e-05
scheduling,Greedy_EF,dense,30,50,294.0,0.3925619834710744,2.580000727903098e-05
scheduling,Greedy_HW,dense,30,50,269.0,0.44421487603305787,1.750000228639692e-05
scheduling,Greedy_BR,dense,30,50,442.0,0.08677685950413223,2.9800008633174002e-05
scheduling,ML_RF,dense,30,50,455,0.05991735537190083,0.026155799991101958
scheduling,ML_MLP,dense,30,50,442,0.08677685950413223,0.001257600000826642
scheduling,DP,dense,31,50,643.0,0.0,6.779999239370227e-05
scheduling,Greedy_EF,dense,31,50,529.0,0.17729393468118196,2.680000034160912e-05
scheduling,Greedy_HW,dense,31,50,643.0,0.0,1.9800005247816443e-05
scheduling,Greedy_BR,dense,31,50,548.0,0.14774494556765164,3.1499992473982275e-05
scheduling,ML_RF,dense,31,50,632,0.017107309486780714,0.026428500001202337
scheduling,ML_MLP,dense,31,50,632,0.017107309486780714,0.001327499994658865
scheduling,DP,dense,32,50,502.0,0.0,6.710000161547214e-05
scheduling,Greedy_EF,dense,32,50,420.0,0.16334661354581673,2.6699999580159783e-05
scheduling,Greedy_HW,dense,32,50,362.0,0.2788844621513944,1.759998849593103e-05
scheduling,Greedy_BR,dense,32,50,487.0,0.029880478087649404,3.0099996365606785e-05
scheduling,ML_RF,dense,32,50,487,0.029880478087649404,0.026783399996929802
scheduling,ML_MLP,dense,32,50,487,0.029880478087649404,0.001142900000559166
scheduling,DP,dense,33,50,515.0,0.0,6.859999848529696e-05
scheduling,Greedy_EF,dense,33,50,434.0,0.15728155339805824,2.580000727903098e-05
scheduling,Greedy_HW,dense,33,50,417.0,0.19029126213592232,1.789999078027904e-05
scheduling,Greedy_BR,dense,33,50,506.0,0.017475728155339806,2.9999995604157448e-05
scheduling,ML_RF,dense,33,50,500,0.02912621359223301,0.025728499997057952
scheduling,ML_MLP,dense,33,50,506,0.017475728155339806,0.0014961000124458224
scheduling,DP,dense,34,50,395.0,0.0,6.720000237692147e-05
scheduling,Greedy_EF,dense,34,50,286.0,0.2759493670886076,2.3599990527145565e-05
scheduling,Greedy_HW,dense,34,50,266.0,0.3265822784810127,1.6399993910454214e-05
scheduling,Greedy_BR,dense,34,50,381.0,0.035443037974683546,2.8599999495781958e-05
scheduling,ML_RF,dense,34,50,368,0.06835443037974684,0.026039500007755123
scheduling,ML_MLP,dense,34,50,368,0.06835443037974684,0.0011975000088568777
scheduling,DP,dense,35,50,520.0,0.0,0.0001201999984914437
scheduling,Greedy_EF,dense,35,50,367.0,0.29423076923076924,3.0099996365606785e-05
scheduling,Greedy_HW,dense,35,50,433.0,0.1673076923076923,1.930000144056976e-05
scheduling,Greedy_BR,dense,35,50,520.0,0.0,3.060000017285347e-05
scheduling,ML_RF,dense,35,50,513,0.013461538461538462,0.02857850000145845
scheduling,ML_MLP,dense,35,50,513,0.013461538461538462,0.0013752999948337674
scheduling,DP,dense,36,50,522.0,0.0,6.890000076964498e-05
scheduling,Greedy_EF,dense,36,50,445.0,0.1475095785440613,2.400000812485814e-05
scheduling,Greedy_HW,dense,36,50,522.0,0.0,1.990000600926578e-05
scheduling,Greedy_BR,dense,36,50,510.0,0.022988505747126436,2.9100003303028643e-05
scheduling,ML_RF,dense,36,50,510,0.022988505747126436,0.026089200007845648
scheduling,ML_MLP,dense,36,50,510,0.022988505747126436,0.0011760999914258718
scheduling,DP,dense,37,50,608.0,0.0,6.820000999141484e-05
scheduling,Greedy_EF,dense,37,50,518.0,0.14802631578947367,2.610000956337899e-05
scheduling,Greedy_HW,dense,37,50,451.0,0.2582236842105263,1.789999078027904e-05
scheduling,Greedy_BR,dense,37,50,576.0,0.05263157894736842,3.130000550299883e-05
scheduling,ML_RF,dense,37,50,602,0.009868421052631578,0.026418300010845996
scheduling,ML_MLP,dense,37,50,576,0.05263157894736842,0.0012906999909318984
scheduling,DP,dense,38,50,513.0,0.0,6.829999620094895e-05
scheduling,Greedy_EF,dense,38,50,313.0,0.3898635477582846,2.7400004910305142e-05
scheduling,Greedy_HW,dense,38,50,513.0,0.0,1.8699996871873736e-05
scheduling,Greedy_BR,dense,38,50,445.0,0.13255360623781676,3.0499999411404133e-05
scheduling,ML_RF,dense,38,50,445,0.13255360623781676,0.027649400013615377
scheduling,ML_MLP,dense,38,50,445,0.13255360623781676,0.0010138999932678416
scheduling,DP,dense,39,50,492.0,0.0,6.690000009257346e-05
scheduling,Greedy_EF,dense,39,50,442.0,0.1016260162601626,2.680000034160912e-05
scheduling,Greedy_HW,dense,39,50,328.0,0.3333333333333333,1.7400001524947584e-05
scheduling,Greedy_BR,dense,39,50,483.0,0.018292682926829267,3.029999788850546e-05
scheduling,ML_RF,dense,39,50,442,0.1016260162601626,0.027346499991836026
scheduling,ML_MLP,dense,39,50,483,0.018292682926829267,0.0013005000073462725
scheduling,DP,adversarial,40,6,60.0,0.0,6.999995093792677e-06
scheduling,Greedy_EF,adversarial,40,6,60.0,0.0,7.000009645707905e-06
scheduling,Greedy_HW,adversarial,40,6,50.0,0.16666666666666666,3.600012860260904e-06
scheduling,Greedy_BR,adversarial,40,6,60.0,0.0,6.300004315562546e-06
scheduling,ML_RF,adversarial,40,6,60,0.0,0.02577469999960158
scheduling,ML_MLP,adversarial,40,6,60,0.0,0.0005092999927001074
scheduling,DP,adversarial,41,9,96.0,0.0,1.0100004146806896e-05
scheduling,Greedy_EF,adversarial,41,9,96.0,0.0,8.59999272506684e-06
scheduling,Greedy_HW,adversarial,41,9,80.0,0.16666666666666666,4.2000028770416975e-06
scheduling,Greedy_BR,adversarial,41,9,96.0,0.0,8.399991202168167e-06
scheduling,ML_RF,adversarial,41,9,96,0.0,0.02687240000523161
scheduling,ML_MLP,adversarial,41,9,96,0.0,0.0007408000092254952
scheduling,DP,adversarial,42,13,144.0,0.0,1.340000017080456e-05
scheduling,Greedy_EF,adversarial,42,13,144.0,0.0,1.1199997970834374e-05
scheduling,Greedy_HW,adversarial,42,13,120.0,0.16666666666666666,4.999994416721165e-06
scheduling,Greedy_BR,adversarial,42,13,144.0,0.0,1.1800002539530396e-05
scheduling,ML_RF,adversarial,42,13,144,0.0,0.0265001000079792
scheduling,ML_MLP,adversarial,42,13,144,0.0,0.0006572999991476536
scheduling,DP,sparse,1000,20,806.0,0.0,2.200000744778663e-05
scheduling,Greedy_EF,sparse,1000,20,667.0,0.17245657568238212,1.5900004655122757e-05
scheduling,Greedy_HW,sparse,1000,20,806.0,0.0,1.2799995602108538e-05
scheduling,Greedy_BR,sparse,1000,20,791.0,0.018610421836228287,1.7800004570744932e-05
scheduling,ML_RF,sparse,1000,20,806,0.0,0.02665190001425799
scheduling,ML_MLP,sparse,1000,20,806,0.0,0.0008519999973941594
scheduling,DP,sparse,1001,20,705.0,0.0,2.1799991372972727e-05
scheduling,Greedy_EF,sparse,1001,20,607.0,0.13900709219858157,1.5300000086426735e-05
scheduling,Greedy_HW,sparse,1001,20,668.0,0.0524822695035461,1.1199997970834374e-05
scheduling,Greedy_BR,sparse,1001,20,697.0,0.011347517730496455,1.7400001524947584e-05
scheduling,ML_RF,sparse,1001,20,668,0.0524822695035461,0.025171999994199723
scheduling,ML_MLP,sparse,1001,20,668,0.0524822695035461,0.0007716000109212473
scheduling,DP,sparse,1002,20,616.0,0.0,2.1400002879090607e-05
scheduling,Greedy_EF,sparse,1002,20,491.0,0.20292207792207792,1.5400000847876072e-05
scheduling,Greedy_HW,sparse,1002,20,594.0,0.03571428571428571,1.1900003300979733e-05
scheduling,Greedy_BR,sparse,1002,20,598.0,0.02922077922077922,1.7600003047846258e-05
scheduling,ML_RF,sparse,1002,20,594,0.03571428571428571,0.0258109999995213
scheduling,ML_MLP,sparse,1002,20,594,0.03571428571428571,0.0008999000128824264
scheduling,DP,sparse,1003,20,742.0,0.0,6.10999995842576e-05
scheduling,Greedy_EF,sparse,1003,20,630.0,0.1509433962264151,2.099999983329326e-05
scheduling,Greedy_HW,sparse,1003,20,742.0,0.0,1.239999255631119e-05
scheduling,Greedy_BR,sparse,1003,20,682.0,0.08086253369272237,1.829999382607639e-05
scheduling,ML_RF,sparse,1003,20,736,0.008086253369272238,0.02713190000213217
scheduling,ML_MLP,sparse,1003,20,736,0.008086253369272238,0.0011918999953195453
scheduling,DP,sparse,1004,20,719.0,0.0,2.1900006686337292e-05
scheduling,Greedy_EF,sparse,1004,20,599.0,0.16689847009735745,1.6000005416572094e-05
scheduling,Greedy_HW,sparse,1004,20,719.0,0.0,1.1900003300979733e-05
scheduling,Greedy_BR,sparse,1004,20,693.0,0.03616133518776078,1.789999078027904e-05
scheduling,ML_RF,sparse,1004,20,719,0.0,0.026034900001832284
scheduling,ML_MLP,sparse,1004,20,719,0.0,0.00122900000133086
scheduling,DP,sparse,1005,20,644.0,0.0,2.1500003640539944e-05
scheduling,Greedy_EF,sparse,1005,20,586.0,0.09006211180124224,1.5199999324977398e-05
scheduling,Greedy_HW,sparse,1005,20,644.0,0.0,1.0700008715502918e-05
scheduling,Greedy_BR,sparse,1005,20,617.0,0.04192546583850932,1.6399993910454214e-05
scheduling,ML_RF,sparse,1005,20,644,0.0,0.025911299992003478
scheduling,ML_MLP,sparse,1005,20,644,0.0,0.0010083999950438738
scheduling,DP,sparse,1006,20,845.0,0.0,2.230000973213464e-05
scheduling,Greedy_EF,sparse,1006,20,678.0,0.19763313609467456,1.68999977177009e-05
scheduling,Greedy_HW,sparse,1006,20,778.0,0.07928994082840236,1.3500000932253897e-05
scheduling,Greedy_BR,sparse,1006,20,836.0,0.010650887573964497,1.920000067912042e-05
scheduling,ML_RF,sparse,1006,20,845,0.0,0.028187400006572716
scheduling,ML_MLP,sparse,1006,20,845,0.0,0.0013811999961035326
scheduling,DP,sparse,1007,20,865.0,0.0,2.230000973213464e-05
scheduling,Greedy_EF,sparse,1007,20,773.0,0.10635838150289018,1.6999998479150236e-05
scheduling,Greedy_HW,sparse,1007,20,865.0,0.0,1.3299999409355223e-05
scheduling,Greedy_BR,sparse,1007,20,865.0,0.0,1.889999839477241e-05
scheduling,ML_RF,sparse,1007,20,865,0.0,0.026242699997965246
scheduling,ML_MLP,sparse,1007,20,865,0.0,0.0008010000019567087
scheduling,DP,sparse,1008,20,886.0,0.0,2.3100001271814108e-05
scheduling,Greedy_EF,sparse,1008,20,868.0,0.020316027088036117,1.6400008462369442e-05
scheduling,Greedy_HW,sparse,1008,20,886.0,0.0,1.4099990949034691e-05
scheduling,Greedy_BR,sparse,1008,20,886.0,0.0,1.8799997633323073e-05
scheduling,ML_RF,sparse,1008,20,886,0.0,0.02651549999427516
scheduling,ML_MLP,sparse,1008,20,886,0.0,0.0008221000025514513
scheduling,DP,sparse,1009,20,697.0,0.0,2.3100001271814108e-05
scheduling,Greedy_EF,sparse,1009,20,601.0,0.13773314203730272,1.6099991626106203e-05
scheduling,Greedy_HW,sparse,1009,20,697.0,0.0,1.2600008631125093e-05
scheduling,Greedy_BR,sparse,1009,20,678.0,0.027259684361549498,1.929998688865453e-05
scheduling,ML_RF,sparse,1009,20,697,0.0,0.026003599996329285
scheduling,ML_MLP,sparse,1009,20,697,0.0,0.0011387999984435737
scheduling,DP,sparse,1010,20,922.0,0.0,2.3300002794712782e-05
scheduling,Greedy_EF,sparse,1010,20,857.0,0.07049891540130152,1.6900012269616127e-05
scheduling,Greedy_HW,sparse,1010,20,922.0,0.0,1.4300007023848593e-05
scheduling,Greedy_BR,sparse,1010,20,845.0,0.08351409978308026,1.8399994587525725e-05
scheduling,ML_RF,sparse,1010,20,922,0.0,0.027129299996886402
scheduling,ML_MLP,sparse,1010,20,922,0.0,0.0010624999995343387
scheduling,DP,sparse,1011,20,739.0,0.0,2.239999594166875e-05
scheduling,Greedy_EF,sparse,1011,20,670.0,0.09336941813261164,1.6599995433352888e-05
scheduling,Greedy_HW,sparse,1011,20,739.0,0.0,1.440000778529793e-05
scheduling,Greedy_BR,sparse,1011,20,670.0,0.09336941813261164,1.8499995348975062e-05
scheduling,ML_RF,sparse,1011,20,739,0.0,0.028231600008439273
scheduling,ML_MLP,sparse,1011,20,739,0.0,0.0007299999997485429
scheduling,DP,sparse,1012,20,708.0,0.0,2.239999594166875e-05
scheduling,Greedy_EF,sparse,1012,20,628.0,0.11299435028248588,1.6400008462369442e-05
scheduling,Greedy_HW,sparse,1012,20,708.0,0.0,1.2100004823878407e-05
scheduling,Greedy_BR,sparse,1012,20,629.0,0.1115819209039548,1.7800004570744932e-05
scheduling,ML_RF,sparse,1012,20,700,0.011299435028248588,0.026452500009327196
scheduling,ML_MLP,sparse,1012,20,700,0.011299435028248588,0.0007868999964557588
scheduling,DP,sparse,1013,20,760.0,0.0,2.379999205004424e-05
scheduling,Greedy_EF,sparse,1013,20,717.0,0.056578947368421055,1.8099992303177714e-05
scheduling,Greedy_HW,sparse,1013,20,760.0,0.0,1.4900011592544615e-05
scheduling,Greedy_BR,sparse,1013,20,726.0,0.04473684210526316,1.9400002202019095e-05
scheduling,ML_RF,sparse,1013,20,760,0.0,0.025910700001986697
scheduling,ML_MLP,sparse,1013,20,760,0.0,0.0009231999865733087
scheduling,DP,sparse,1014,20,916.0,0.0,2.2799998987466097e-05
scheduling,Greedy_EF,sparse,1014,20,792.0,0.13537117903930132,1.6999998479150236e-05
scheduling,Greedy_HW,sparse,1014,20,916.0,0.0,1.479999627918005e-05
scheduling,Greedy_BR,sparse,1014,20,916.0,0.0,1.9500002963468432e-05
scheduling,ML_RF,sparse,1014,20,916,0.0,0.026261799997882918
scheduling,ML_MLP,sparse,1014,20,916,0.0,0.0009222999942721799
scheduling,DP,sparse,1015,50,1892.0,0.0,7.020001066848636e-05
scheduling,Greedy_EF,sparse,1015,50,1667.0,0.11892177589852009,5.189998773857951e-05
scheduling,Greedy_HW,sparse,1015,50,1892.0,0.0,5.2100003813393414e-05
scheduling,Greedy_BR,sparse,1015,50,1867.0,0.013213530655391121,6.229999416973442e-05
scheduling,ML_RF,sparse,1015,50,1892,0.0,0.025789799998165108
scheduling,ML_MLP,sparse,1015,50,1892,0.0,0.0011593999952310696
scheduling,DP,sparse,1016,50,1789.0,0.0,0.00010930000280495733
scheduling,Greedy_EF,sparse,1016,50,1707.0,0.045835662381218556,7.71000050008297e-05
scheduling,Greedy_HW,sparse,1016,50,1787.0,0.0011179429849077697,7.88999896030873e-05
scheduling,Greedy_BR,sparse,1016,50,1789.0,0.0,8.480000542476773e-05
scheduling,ML_RF,sparse,1016,50,1787,0.0011179429849077697,0.02628520000143908
scheduling,ML_MLP,sparse,1016,50,1787,0.0011179429849077697,0.0012051000085193664
scheduling,DP,sparse,1017,50,2102.0,0.0,0.00010930000280495733
scheduling,Greedy_EF,sparse,1017,50,1951.0,0.07183634633682208,7.949999417178333e-05
scheduling,Greedy_HW,sparse,1017,50,2102.0,0.0,8.420000085607171e-05
scheduling,Greedy_BR,sparse,1017,50,2029.0,0.03472882968601332,0.00010410000686533749
scheduling,ML_RF,sparse,1017,50,2102,0.0,0.026571100010187365
scheduling,ML_MLP,sparse,1017,50,2102,0.0,0.001558799995109439
scheduling,DP,sparse,1018,50,2245.0,0.0,7.020001066848636e-05
scheduling,Greedy_EF,sparse,1018,50,1930.0,0.1403118040089087,4.9000009312294424e-05
scheduling,Greedy_HW,sparse,1018,50,2245.0,0.0,5.219999002292752e-05
scheduling,Greedy_BR,sparse,1018,50,2223.0,0.009799554565701559,6.730000313837081e-05
scheduling,ML_RF,sparse,1018,50,2245,0.0,0.025841299997409806
scheduling,ML_MLP,sparse,1018,50,2245,0.0,0.001510200003394857
scheduling,DP,sparse,1019,50,1727.0,0.0,0.0001686000032350421
scheduling,Greedy_EF,sparse,1019,50,1570.0,0.09090909090909091,5.879999662283808e-05
scheduling,Greedy_HW,sparse,1019,50,1727.0,0.0,5.0000002374872565e-05
scheduling,Greedy_BR,sparse,1019,50,1645.0,0.04748118123914302,5.639999289996922e-05
scheduling,ML_RF,sparse,1019,50,1727,0.0,0.025224999990314245
scheduling,ML_MLP,sparse,1019,50,1727,0.0,0.0015048000059323385
scheduling,DP,sparse,1020,50,1963.0,0.0,7.130000449251384e-05
scheduling,Greedy_EF,sparse,1020,50,1805.0,0.08048904737646459,4.910001007374376e-05
scheduling,Greedy_HW,sparse,1020,50,1924.0,0.019867549668874173,4.679999256040901e-05
scheduling,Greedy_BR,sparse,1020,50,1941.0,0.011207335710646969,6.249999569263309e-05
scheduling,ML_RF,sparse,1020,50,1963,0.0,0.0261709000042174
scheduling,ML_MLP,sparse,1020,50,1963,0.0,0.0013524000096367672
scheduling,DP,sparse,1021,50,2190.0,0.0,7.139999070204794e-05
scheduling,Greedy_EF,sparse,1021,50,1873.0,0.14474885844748858,4.8600006266497076e-05
scheduling,Greedy_HW,sparse,1021,50,2190.0,0.0,5.420000525191426e-05
scheduling,Greedy_BR,sparse,1021,50,2040.0,0.0684931506849315,6.609999400097877e-05
scheduling,ML_RF,sparse,1021,50,2190,0.0,0.025787799997488037
scheduling,ML_MLP,sparse,1021,50,2190,0.0,0.0011306000087643042
scheduling,DP,sparse,1022,50,2042.0,0.0,7.20999960321933e-05
scheduling,Greedy_EF,sparse,1022,50,1822.0,0.10773751224289912,5.2700008382089436e-05
scheduling,Greedy_HW,sparse,1022,50,2042.0,0.0,5.6599994422867894e-05
scheduling,Greedy_BR,sparse,1022,50,1988.0,0.02644466209598433,6.669999856967479e-05
scheduling,ML_RF,sparse,1022,50,2042,0.0,0.025771899992832914
scheduling,ML_MLP,sparse,1022,50,2042,0.0,0.001189600006910041
scheduling,DP,sparse,1023,50,1960.0,0.0,7.000000914558768e-05
scheduling,Greedy_EF,sparse,1023,50,1685.0,0.14030612244897958,5.01000031363219e-05
scheduling,Greedy_HW,sparse,1023,50,1934.0,0.013265306122448979,5.2700008382089436e-05
scheduling,Greedy_BR,sparse,1023,50,1796.0,0.0836734693877551,6.550000398419797e-05
scheduling,ML_RF,sparse,1023,50,1922,0.019387755102040816,0.025505199999315664
scheduling,ML_MLP,sparse,1023,50,1922,0.019387755102040816,0.0011301999911665916
scheduling,DP,sparse,1024,50,1950.0,0.0,7.129998994059861e-05
scheduling,Greedy_EF,sparse,1024,50,1802.0,0.0758974358974359,4.7599998652003706e-05
scheduling,Greedy_HW,sparse,1024,50,1950.0,0.0,4.959999932907522e-05
scheduling,Greedy_BR,sparse,1024,50,1868.0,0.04205128205128205,6.220000796020031e-05
scheduling,ML_RF,sparse,1024,50,1950,0.0,0.02616360000683926
scheduling,ML_MLP,sparse,1024,50,1915,0.017948717948717947,0.0013141999952495098
scheduling,DP,sparse,1025,50,2358.0,0.0,7.299998833332211e-05
scheduling,Greedy_EF,sparse,1025,50,2211.0,0.062340966921119595,5.440000677481294e-05
scheduling,Greedy_HW,sparse,1025,50,2336.0,0.009329940627650551,5.529999907594174e-05
scheduling,Greedy_BR,sparse,1025,50,2264.0,0.03986429177268872,7.119998917914927e-05
scheduling,ML_RF,sparse,1025,50,2336,0.009329940627650551,0.025640799998654984
scheduling,ML_MLP,sparse,1025,50,2336,0.009329940627650551,0.0013119000068400055
scheduling,DP,sparse,1026,50,2188.0,0.0,7.059999916236848e-05
scheduling,Greedy_EF,sparse,1026,50,2053.0,0.06170018281535649,5.1000009989365935e-05
scheduling,Greedy_HW,sparse,1026,50,2188.0,0.0,5.320001218933612e-05
scheduling,Greedy_BR,sparse,1026,50,2158.0,0.013711151736745886,0.00010240000847261399
scheduling,ML_RF,sparse,1026,50,2182,0.002742230347349177,0.025993400005972944
scheduling,ML_MLP,sparse,1026,50,2188,0.0,0.0010719999991124496
scheduling,DP,sparse,1027,50,2011.0,0.0,7.140000525396317e-05
scheduling,Greedy_EF,sparse,1027,50,1867.0,0.07160616608652412,5.1399998483248055e-05
scheduling,Greedy_HW,sparse,1027,50,2011.0,0.0,5.800000508315861e-05
scheduling,Greedy_BR,sparse,1027,50,1958.0,0.026355047240179015,6.880000000819564e-05
scheduling,ML_RF,sparse,1027,50,2011,0.0,0.02624060001107864
scheduling,ML_MLP,sparse,1027,50,2009,0.000994530084535057,0.0011872999893967062
scheduling,DP,sparse,1028,50,2066.0,0.0,7.199999527074397e-05
scheduling,Greedy_EF,sparse,1028,50,1815.0,0.12149080348499516,5.149999924469739e-05
scheduling,Greedy_HW,sparse,1028,50,2066.0,0.0,5.469999450724572e-05
scheduling,Greedy_BR,sparse,1028,50,2048.0,0.008712487899322363,6.70000008540228e-05
scheduling,ML_RF,sparse,1028,50,2066,0.0,0.028080800009774975
scheduling,ML_MLP,sparse,1028,50,2066,0.0,0.001145000001997687
scheduling,DP,sparse,1029,50,1936.0,0.0,7.150000601541251e-05
scheduling,Greedy_EF,sparse,1029,50,1582.0,0.1828512396694215,5.2700008382089436e-05
scheduling,Greedy_HW,sparse,1029,50,1936.0,0.0,5.679999594576657e-05
scheduling,Greedy_BR,sparse,1029,50,1858.0,0.040289256198347105,7.080000068526715e-05
scheduling,ML_RF,sparse,1029,50,1936,0.0,0.02658440000959672
scheduling,ML_MLP,sparse,1029,50,1936,0.0,0.0012183999933768064
scheduling,DP,sparse,1030,100,3616.0,0.0,0.00020719999156426638
scheduling,Greedy_EF,sparse,1030,100,3209.0,0.11255530973451328,0.000152900000102818
scheduling,Greedy_HW,sparse,1030,100,3616.0,0.0,0.00017810000281315297
scheduling,Greedy_BR,sparse,1030,100,3584.0,0.008849557522123894,0.0002032000047620386
scheduling,ML_RF,sparse,1030,100,3616,0.0,0.027723799998057075
scheduling,ML_MLP,sparse,1030,100,3616,0.0,0.002112599991960451
scheduling,DP,sparse,1031,100,3502.0,0.0,0.0002091000060318038
scheduling,Greedy_EF,sparse,1031,100,3093.0,0.11679040548258138,0.00014509999891743064
scheduling,Greedy_HW,sparse,1031,100,3485.0,0.0048543689320388345,0.00020080000103916973
scheduling,Greedy_BR,sparse,1031,100,3343.0,0.045402627070245574,0.0001880000054370612
scheduling,ML_RF,sparse,1031,100,3482,0.0057110222729868645,0.027715400006854907
scheduling,ML_MLP,sparse,1031,100,3482,0.0057110222729868645,0.002290099990204908
scheduling,DP,sparse,1032,100,3955.0,0.0,0.0001996000064536929
scheduling,Greedy_EF,sparse,1032,100,3433.0,0.13198482932996208,0.00014730000111740083
scheduling,Greedy_HW,sparse,1032,100,3925.0,0.007585335018963337,0.00015310000162571669
scheduling,Greedy_BR,sparse,1032,100,3787.0,0.04247787610619469,0.0001770000089891255
scheduling,ML_RF,sparse,1032,100,3925,0.007585335018963337,0.02807359999860637
scheduling,ML_MLP,sparse,1032,100,3925,0.007585335018963337,0.0019598000071709976
scheduling,DP,sparse,1033,100,3633.0,0.0,0.00020570000924635679
scheduling,Greedy_EF,sparse,1033,100,3205.0,0.11780897330030278,0.00015579999308101833
scheduling,Greedy_HW,sparse,1033,100,3609.0,0.006606110652353427,0.0001723000023048371
scheduling,Greedy_BR,sparse,1033,100,3510.0,0.033856317093311314,0.0002035999932559207
scheduling,ML_RF,sparse,1033,100,3582,0.014037985136251032,0.027725699997972697
scheduling,ML_MLP,sparse,1033,100,3582,0.014037985136251032,0.001962199996341951
scheduling,DP,sparse,1034,100,3798.0,0.0,0.0002558999985922128
scheduling,Greedy_EF,sparse,1034,100,3449.0,0.09189046866771985,0.00014829999417997897
scheduling,Greedy_HW,sparse,1034,100,3767.0,0.008162190626645603,0.0001753999968059361
scheduling,Greedy_BR,sparse,1034,100,3779.0,0.005002632964718273,0.0002035999932559207
scheduling,ML_RF,sparse,1034,100,3791,0.0018430753027909425,0.03763569999136962
scheduling,ML_MLP,sparse,1034,100,3791,0.0018430753027909425,0.0021656000026268885
scheduling,DP,sparse,1035,100,4122.0,0.0,0.00020679998851846904
scheduling,Greedy_EF,sparse,1035,100,3638.0,0.11741872877244056,0.00015780000831000507
scheduling,Greedy_HW,sparse,1035,100,4122.0,0.0,0.00018409999029245228
scheduling,Greedy_BR,sparse,1035,100,3949.0,0.04196991751576904,0.0002091000060318038
scheduling,ML_RF,sparse,1035,100,4122,0.0,0.029097000006004237
scheduling,ML_MLP,sparse,1035,100,4122,0.0,0.00208089999796357
scheduling,DP,sparse,1036,100,3744.0,0.0,0.0002082999999402091
scheduling,Greedy_EF,sparse,1036,100,3171.0,0.1530448717948718,0.0001453000004403293
scheduling,Greedy_HW,sparse,1036,100,3744.0,0.0,0.00017420000222045928
scheduling,Greedy_BR,sparse,1036,100,3590.0,0.04113247863247863,0.0001925000105984509
scheduling,ML_RF,sparse,1036,100,3744,0.0,0.02711999999883119
scheduling,ML_MLP,sparse,1036,100,3744,0.0,0.002034699995419942
scheduling,DP,sparse,1037,100,3872.0,0.0,0.00021249998826533556
scheduling,Greedy_EF,sparse,1037,100,3494.0,0.09762396694214875,0.00015690000145696104
scheduling,Greedy_HW,sparse,1037,100,3872.0,0.0,0.00017420000222045928
scheduling,Greedy_BR,sparse,1037,100,3822.0,0.012913223140495868,0.00020809999841731042
scheduling,ML_RF,sparse,1037,100,3872,0.0,0.027119000005768612
scheduling,ML_MLP,sparse,1037,100,3872,0.0,0.002297400002134964
scheduling,DP,sparse,1038,100,3978.0,0.0,0.00019440001051407307
scheduling,Greedy_EF,sparse,1038,100,3528.0,0.11312217194570136,0.0001306000049225986
scheduling,Greedy_HW,sparse,1038,100,3914.0,0.01608848667672197,0.00014989999181125313
scheduling,Greedy_BR,sparse,1038,100,3791.0,0.04700854700854701,0.00021750001178588718
scheduling,ML_RF,sparse,1038,100,3913,0.016339869281045753,0.02662879999843426
scheduling,ML_MLP,sparse,1038,100,3920,0.014580191050779286,0.0021173999994061887
scheduling,DP,sparse,1039,100,3995.0,0.0,0.00019839999731630087
scheduling,Greedy_EF,sparse,1039,100,3817.0,0.04455569461827284,0.00015360000543296337
scheduling,Greedy_HW,sparse,1039,100,3945.0,0.012515644555694618,0.00016999999934341758
scheduling,Greedy_BR,sparse,1039,100,3945.0,0.012515644555694618,0.00021640000340994447
scheduling,ML_RF,sparse,1039,100,3945,0.012515644555694618,0.027693800002452917
scheduling,ML_MLP,sparse,1039,100,3945,0.012515644555694618,0.0020225999905960634
scheduling,DP,sparse,1040,100,3394.0,0.0,0.00020759999461006373
scheduling,Greedy_EF,sparse,1040,100,2811.0,0.17177371832645846,0.00014059999375604093
scheduling,Greedy_HW,sparse,1040,100,3318.0,0.022392457277548614,0.00016710000636521727
scheduling,Greedy_BR,sparse,1040,100,3198.0,0.05774896876841485,0.00020480000239331275
scheduling,ML_RF,sparse,1040,100,3313,0.023865645256334708,0.026666299992939457
scheduling,ML_MLP,sparse,1040,100,3332,0.018267530936947555,0.0021664999949280173
scheduling,DP,sparse,1041,100,3647.0,0.0,0.00020379999477881938
scheduling,Greedy_EF,sparse,1041,100,2910.0,0.2020839045791061,0.00015310000162571669
scheduling,Greedy_HW,sparse,1041,100,3647.0,0.0,0.00016119999054353684
scheduling,Greedy_BR,sparse,1041,100,3543.0,0.028516588977241568,0.00019639999663922936
scheduling,ML_RF,sparse,1041,100,3647,0.0,0.026230200004647486
scheduling,ML_MLP,sparse,1041,100,3647,0.0,0.0019570000004023314
scheduling,DP,sparse,1042,100,3791.0,0.0,0.00020280000171624124
scheduling,Greedy_EF,sparse,1042,100,3433.0,0.09443418623054603,0.00014560000272467732
scheduling,Greedy_HW,sparse,1042,100,3766.0,0.006594566077552097,0.00022589998843614012
scheduling,Greedy_BR,sparse,1042,100,3722.0,0.018201002374043786,0.00020650000078603625
scheduling,ML_RF,sparse,1042,100,3766,0.006594566077552097,0.026524100001552142
scheduling,ML_MLP,sparse,1042,100,3764,0.007122131363756265,0.002483800009940751
scheduling,DP,sparse,1043,100,4112.0,0.0,0.000195399989024736
scheduling,Greedy_EF,sparse,1043,100,3888.0,0.054474708171206226,0.00015320000238716602
scheduling,Greedy_HW,sparse,1043,100,4112.0,0.0,0.00017800000205170363
scheduling,Greedy_BR,sparse,1043,100,3888.0,0.054474708171206226,0.0002018000086536631
scheduling,ML_RF,sparse,1043,100,4112,0.0,0.02652789998683147
scheduling,ML_MLP,sparse,1043,100,4112,0.0,0.002150499989511445
scheduling,DP,sparse,1044,100,4336.0,0.0,0.00020459998631849885
scheduling,Greedy_EF,sparse,1044,100,3953.0,0.08833025830258302,0.00015220000932458788
scheduling,Greedy_HW,sparse,1044,100,4321.0,0.003459409594095941,0.00022840000747237355
scheduling,Greedy_BR,sparse,1044,100,4247.0,0.020525830258302583,0.00022149999858811498
scheduling,ML_RF,sparse,1044,100,4321,0.003459409594095941,0.02775649999966845
scheduling,ML_MLP,sparse,1044,100,4320,0.0036900369003690036,0.0020989000040572137
scheduling,DP,dense,1045,20,444.0,0.0,2.1400002879090607e-05
scheduling,Greedy_EF,dense,1045,20,444.0,0.0,1.2299991794861853e-05
scheduling,Greedy_HW,dense,1045,20,394.0,0.11261261261261261,8.700008038431406e-06
scheduling,Greedy_BR,dense,1045,20,444.0,0.0,1.379998866468668e-05
scheduling,ML_RF,dense,1045,20,444,0.0,0.028696299996227026
scheduling,ML_MLP,dense,1045,20,444,0.0,0.0009234000026481226
scheduling,DP,dense,1046,20,499.0,0.0,2.1500003640539944e-05
scheduling,Greedy_EF,dense,1046,20,407.0,0.1843687374749499,1.340000017080456e-05
scheduling,Greedy_HW,dense,1046,20,413.0,0.17234468937875752,9.499999578110874e-06
scheduling,Greedy_BR,dense,1046,20,499.0,0.0,1.4499993994832039e-05
scheduling,ML_RF,dense,1046,20,499,0.0,0.025161700003081933
scheduling,ML_MLP,dense,1046,20,499,0.0,0.0008117999968817458
scheduling,DP,dense,1047,20,263.0,0.0,2.1100000594742596e-05
scheduling,Greedy_EF,dense,1047,20,126.0,0.5209125475285171,1.2299991794861853e-05
scheduling,Greedy_HW,dense,1047,20,257.0,0.022813688212927757,7.90000194683671e-06
scheduling,Greedy_BR,dense,1047,20,263.0,0.0,1.2699994840659201e-05
scheduling,ML_RF,dense,1047,20,263,0.0,0.02639679999265354
scheduling,ML_MLP,dense,1047,20,263,0.0,0.0009691000013845041
scheduling,DP,dense,1048,20,256.0,0.0,2.1799991372972727e-05
scheduling,Greedy_EF,dense,1048,20,236.0,0.078125,1.1399999493733048e-05
scheduling,Greedy_HW,dense,1048,20,256.0,0.0,8.59999272506684e-06
scheduling,Greedy_BR,dense,1048,20,252.0,0.015625,1.309999788645655e-05
scheduling,ML_RF,dense,1048,20,252,0.015625,0.02671839999675285
scheduling,ML_MLP,dense,1048,20,252,0.015625,0.0007632000051671639
scheduling,DP,dense,1049,20,249.0,0.0,2.1100000594742596e-05
scheduling,Greedy_EF,dense,1049,20,215.0,0.13654618473895583,1.2400007108226418e-05
scheduling,Greedy_HW,dense,1049,20,178.0,0.285140562248996,7.399998139590025e-06
scheduling,Greedy_BR,dense,1049,20,215.0,0.13654618473895583,1.2599994079209864e-05
scheduling,ML_RF,dense,1049,20,200,0.19678714859437751,0.026080199997522868
scheduling,ML_MLP,dense,1049,20,215,0.13654618473895583,0.0007867999956943095
scheduling,DP,dense,1050,20,329.0,0.0,2.1100000594742596e-05
scheduling,Greedy_EF,dense,1050,20,297.0,0.0972644376899696,1.2299991794861853e-05
scheduling,Greedy_HW,dense,1050,20,254.0,0.22796352583586627,8.400005754083395e-06
scheduling,Greedy_BR,dense,1050,20,329.0,0.0,1.300001167692244e-05
scheduling,ML_RF,dense,1050,20,329,0.0,0.026136000000406057
scheduling,ML_MLP,dense,1050,20,329,0.0,0.0008610000077169389
scheduling,DP,dense,1051,20,504.0,0.0,2.1500003640539944e-05
scheduling,Greedy_EF,dense,1051,20,372.0,0.2619047619047619,1.3500000932253897e-05
scheduling,Greedy_HW,dense,1051,20,434.0,0.1388888888888889,9.199997293762863e-06
scheduling,Greedy_BR,dense,1051,20,504.0,0.0,1.5300000086426735e-05
scheduling,ML_RF,dense,1051,20,504,0.0,0.025723200000356883
scheduling,ML_MLP,dense,1051,20,504,0.0,0.0009617000032449141
scheduling,DP,dense,1052,20,288.0,0.0,2.1100000594742596e-05
scheduling,Greedy_EF,dense,1052,20,233.0,0.1909722222222222,1.2600008631125093e-05
scheduling,Greedy_HW,dense,1052,20,288.0,0.0,8.600007276982069e-06
scheduling,Greedy_BR,dense,1052,20,287.0,0.003472222222222222,1.309999788645655e-05
scheduling,ML_RF,dense,1052,20,287,0.003472222222222222,0.02665580000029877
scheduling,ML_MLP,dense,1052,20,287,0.003472222222222222,0.0010134000040125102
scheduling,DP,dense,1053,20,319.0,0.0,2.0899999071843922e-05
scheduling,Greedy_EF,dense,1053,20,233.0,0.26959247648902823,1.309999788645655e-05
scheduling,Greedy_HW,dense,1053,20,290.0,0.09090909090909091,9.100011084228754e-06
scheduling,Greedy_BR,dense,1053,20,264.0,0.1724137931034483,1.270000939257443e-05
scheduling,ML_RF,dense,1053,20,264,0.1724137931034483,0.024375399996642955
scheduling,ML_MLP,dense,1053,20,319,0.0,0.0007863999926485121
scheduling,DP,dense,1054,20,417.0,0.0,2.099999983329326e-05
scheduling,Greedy_EF,dense,1054,20,322.0,0.2278177458033573,1.2999997125007212e-05
scheduling,Greedy_HW,dense,1054,20,381.0,0.08633093525179857,8.700008038431406e-06
scheduling,Greedy_BR,dense,1054,20,414.0,0.007194244604316547,1.3899989426136017e-05
scheduling,ML_RF,dense,1054,20,414,0.007194244604316547,0.0259613999951398
scheduling,ML_MLP,dense,1054,20,414,0.007194244604316547,0.0007759000000078231
scheduling,DP,dense,1055,20,333.0,0.0,2.1700005163438618e-05
scheduling,Greedy_EF,dense,1055,20,246.0,0.26126126126126126,1.200000406242907e-05
scheduling,Greedy_HW,dense,1055,20,182.0,0.45345345345345345,8.000002708286047e-06
scheduling,Greedy_BR,dense,1055,20,329.0,0.012012012012012012,1.3199998647905886e-05
scheduling,ML_RF,dense,1055,20,231,0.3063063063063063,0.026405599986901507
scheduling,ML_MLP,dense,1055,20,242,0.2732732732732733,0.0007113999890862033
scheduling,DP,dense,1056,20,291.0,0.0,2.1100000594742596e-05
scheduling,Greedy_EF,dense,1056,20,255.0,0.12371134020618557,1.200000406242907e-05
scheduling,Greedy_HW,dense,1056,20,166.0,0.42955326460481097,8.29999044071883e-06
scheduling,Greedy_BR,dense,1056,20,281.0,0.03436426116838488,1.3600001693703234e-05
scheduling,ML_RF,dense,1056,20,281,0.03436426116838488,0.02710389999265317
scheduling,ML_MLP,dense,1056,20,281,0.03436426116838488,0.0007535000040661544
scheduling,DP,dense,1057,20,316.0,0.0,2.1100000594742596e-05
scheduling,Greedy_EF,dense,1057,20,316.0,0.0,1.2299991794861853e-05
scheduling,Greedy_HW,dense,1057,20,184.0,0.4177215189873418,7.599999662488699e-06
scheduling,Greedy_BR,dense,1057,20,279.0,0.11708860759493671,1.2499993317760527e-05
scheduling,ML_RF,dense,1057,20,316,0.0,0.026299199991626665
scheduling,ML_MLP,dense,1057,20,316,0.0,0.0010184999991906807
scheduling,DP,dense,1058,20,266.0,0.0,2.1599989850074053e-05
scheduling,Greedy_EF,dense,1058,20,243.0,0.08646616541353383,1.309999788645655e-05
scheduling,Greedy_HW,dense,1058,20,228.0,0.14285714285714285,8.100003469735384e-06
scheduling,Greedy_BR,dense,1058,20,254.0,0.045112781954887216,1.3600001693703234e-05
scheduling,ML_RF,dense,1058,20,263,0.011278195488721804,0.02571840000746306
scheduling,ML_MLP,dense,1058,20,254,0.045112781954887216,0.0008106000022962689
scheduling,DP,dense,1059,20,308.0,0.0,2.0699997548945248e-05
scheduling,Greedy_EF,dense,1059,20,218.0,0.2922077922077922,1.2200005585327744e-05
scheduling,Greedy_HW,dense,1059,20,262.0,0.14935064935064934,8.499991963617504e-06
scheduling,Greedy_BR,dense,1059,20,285.0,0.07467532467532467,1.3500000932253897e-05
scheduling,ML_RF,dense,1059,20,285,0.07467532467532467,0.02568489999976009
scheduling,ML_MLP,dense,1059,20,285,0.07467532467532467,0.0007880999910412356
scheduling,DP,dense,1060,50,507.0,0.0,6.679999933112413e-05
scheduling,Greedy_EF,dense,1060,50,393.0,0.22485207100591717,2.549999044276774e-05
scheduling,Greedy_HW,dense,1060,50,366.0,0.2781065088757396,1.6999998479150236e-05
scheduling,Greedy_BR,dense,1060,50,450.0,0.11242603550295859,2.849999873433262e-05
scheduling,ML_RF,dense,1060,50,437,0.13806706114398423,0.025175899994792417
scheduling,ML_MLP,dense,1060,50,450,0.11242603550295859,0.0015320999955292791
scheduling,DP,dense,1061,50,530.0,0.0,6.799999391660094e-05
scheduling,Greedy_EF,dense,1061,50,407.0,0.2320754716981132,2.6699999580159783e-05
scheduling,Greedy_HW,dense,1061,50,376.0,0.29056603773584905,1.679999695625156e-05
scheduling,Greedy_BR,dense,1061,50,492.0,0.07169811320754717,3.290000313427299e-05
scheduling,ML_RF,dense,1061,50,521,0.016981132075471698,0.02617699999245815
scheduling,ML_MLP,dense,1061,50,529,0.0018867924528301887,0.001211800001328811
scheduling,DP,dense,1062,50,665.0,0.0,6.729998858645558e-05
scheduling,Greedy_EF,dense,1062,50,613.0,0.07819548872180451,2.7700007194653153e-05
scheduling,Greedy_HW,dense,1062,50,472.0,0.29022556390977444,1.750000228639692e-05
scheduling,Greedy_BR,dense,1062,50,614.0,0.07669172932330827,3.330000618007034e-05
scheduling,ML_RF,dense,1062,50,644,0.031578947368421054,0.03133299999171868
scheduling,ML_MLP,dense,1062,50,644,0.031578947368421054,0.0012284999975236133
scheduling,DP,dense,1063,50,526.0,0.0,6.710000161547214e-05
scheduling,Greedy_EF,dense,1063,50,387.0,0.26425855513307983,2.5000001187436283e-05
scheduling,Greedy_HW,dense,1063,50,442.0,0.1596958174904943,1.7400001524947584e-05
scheduling,Greedy_BR,dense,1063,50,430.0,0.18250950570342206,3.090000245720148e-05
scheduling,ML_RF,dense,1063,50,484,0.07984790874524715,0.026355800000601448
scheduling,ML_MLP,dense,1063,50,430,0.18250950570342206,0.0013662999990629032
scheduling,DP,dense,1064,50,523.0,0.0,6.770000618416816e-05
scheduling,Greedy_EF,dense,1064,50,379.0,0.27533460803059273,2.4499997380189598e-05
scheduling,Greedy_HW,dense,1064,50,523.0,0.0,1.959998917300254e-05
scheduling,Greedy_BR,dense,1064,50,472.0,0.09751434034416825,2.8599999495781958e-05
scheduling,ML_RF,dense,1064,50,523,0.0,0.027329399992595427
scheduling,ML_MLP,dense,1064,50,472,0.09751434034416825,0.0015073999966261908
scheduling,DP,dense,1065,50,533.0,0.0,6.710000161547214e-05
scheduling,Greedy_EF,dense,1065,50,452.0,0.15196998123827393,2.5399989681318402e-05
scheduling,Greedy_HW,dense,1065,50,467.0,0.12382739212007504,1.8999999156221747e-05
scheduling,Greedy_BR,dense,1065,50,529.0,0.0075046904315197,3.199999628122896e-05
scheduling,ML_RF,dense,1065,50,507,0.04878048780487805,0.02543409999634605
scheduling,ML_MLP,dense,1065,50,533,0.0,0.0014412000018637627
scheduling,DP,dense,1066,50,585.0,0.0,6.860001303721219e-05
scheduling,Greedy_EF,dense,1066,50,510.0,0.1282051282051282,2.5200002710334957e-05
scheduling,Greedy_HW,dense,1066,50,517.0,0.11623931623931624,1.8799997633323073e-05
scheduling,Greedy_BR,dense,1066,50,536.0,0.08376068376068375,3.2099997042678297e-05
scheduling,ML_RF,dense,1066,50,515,0.11965811965811966,0.02708349999738857
scheduling,ML_MLP,dense,1066,50,536,0.08376068376068375,0.0013608000008389354
scheduling,DP,dense,1067,50,557.0,0.0,6.919998850207776e-05
scheduling,Greedy_EF,dense,1067,50,489.0,0.12208258527827648,2.6300011086277664e-05
scheduling,Greedy_HW,dense,1067,50,236.0,0.5763016157989228,1.6900012269616127e-05
scheduling,Greedy_BR,dense,1067,50,489.0,0.12208258527827648,3.190001007169485e-05
scheduling,ML_RF,dense,1067,50,489,0.12208258527827648,0.026218600003630854
scheduling,ML_MLP,dense,1067,50,489,0.12208258527827648,0.0012473999959183857
scheduling,DP,dense,1068,50,475.0,0.0,6.710000161547214e-05
scheduling,Greedy_EF,dense,1068,50,416.0,0.12421052631578948,2.3499989765696228e-05
scheduling,Greedy_HW,dense,1068,50,196.0,0.5873684210526315,1.6400008462369442e-05
scheduling,Greedy_BR,dense,1068,50,473.0,0.004210526315789474,3.1199990189634264e-05
scheduling,ML_RF,dense,1068,50,416,0.12421052631578948,0.028431699989596382
scheduling,ML_MLP,dense,1068,50,473,0.004210526315789474,0.001626500001293607
scheduling,DP,dense,1069,50,363.0,0.0,6.900000153109431e-05
scheduling,Greedy_EF,dense,1069,50,301.0,0.17079889807162535,2.540000423323363e-05
scheduling,Greedy_HW,dense,1069,50,278.0,0.23415977961432508,1.750000228639692e-05
scheduling,Greedy_BR,dense,1069,50,299.0,0.1763085399449036,3.12999909510836e-05
scheduling,ML_RF,dense,1069,50,320,0.1184573002754821,0.025725999992573634
scheduling,ML_MLP,dense,1069,50,306,0.15702479338842976,0.001479700003983453
scheduling,DP,dense,1070,50,402.0,0.0,0.00010580000525806099
scheduling,Greedy_EF,dense,1070,50,342.0,0.14925373134328357,3.739999374374747e-05
scheduling,Greedy_HW,dense,1070,50,373.0,0.07213930348258707,2.5399989681318402e-05
scheduling,Greedy_BR,dense,1070,50,335.0,0.16666666666666666,5.080000846646726e-05
scheduling,ML_RF,dense,1070,50,389,0.03233830845771144,0.02647939999587834
scheduling,ML_MLP,dense,1070,50,389,0.03233830845771144,0.00141050000092946
scheduling,DP,dense,1071,50,394.0,0.0,6.730000313837081e-05
scheduling,Greedy_EF,dense,1071,50,148.0,0.6243654822335025,2.4900000425986946e-05
scheduling,Greedy_HW,dense,1071,50,374.0,0.050761421319796954,1.889999839477241e-05
scheduling,Greedy_BR,dense,1071,50,253.0,0.35786802030456855,2.9600007110275328e-05
scheduling,ML_RF,dense,1071,50,246,0.3756345177664975,0.025323099995148368
scheduling,ML_MLP,dense,1071,50,290,0.2639593908629442,0.0012961999891558662
scheduling,DP,dense,1072,50,513.0,0.0,6.980000762268901e-05
scheduling,Greedy_EF,dense,1072,50,437.0,0.14814814814814814,2.78999941656366e-05
scheduling,Greedy_HW,dense,1072,50,193.0,0.6237816764132553,1.6699996194802225e-05
scheduling,Greedy_BR,dense,1072,50,454.0,0.11500974658869395,3.060000017285347e-05
scheduling,ML_RF,dense,1072,50,454,0.11500974658869395,0.025896700011799112
scheduling,ML_MLP,dense,1072,50,476,0.07212475633528265,0.0011774000013247132
scheduling,DP,dense,1073,50,556.0,0.0,6.86999992467463e-05
scheduling,Greedy_EF,dense,1073,50,551.0,0.008992805755395683,2.9100003303028643e-05
scheduling,Greedy_HW,dense,1073,50,358.0,0.35611510791366907,1.750000228639692e-05
scheduling,Greedy_BR,dense,1073,50,551.0,0.008992805755395683,3.2500000088475645e-05
scheduling,ML_RF,dense,1073,50,551,0.008992805755395683,0.025940899999113753
scheduling,ML_MLP,dense,1073,50,551,0.008992805755395683,0.0012312000035308301
scheduling,DP,dense,1074,50,592.0,0.0,6.710000161547214e-05
scheduling,Greedy_EF,dense,1074,50,581.0,0.018581081081081082,2.5000001187436283e-05
scheduling,Greedy_HW,dense,1074,50,508.0,0.14189189189189189,1.8999999156221747e-05
scheduling,Greedy_BR,dense,1074,50,586.0,0.010135135135135136,2.989999484270811e-05
scheduling,ML_RF,dense,1074,50,586,0.010135135135135136,0.04790879999927711
scheduling,ML_MLP,dense,1074,50,586,0.010135135135135136,0.0011659000010695308
scheduling,DP,dense,1075,100,662.0,0.0,0.00019950000569224358
scheduling,Greedy_EF,dense,1075,100,559.0,0.1555891238670695,4.849999095313251e-05
scheduling,Greedy_HW,dense,1075,100,443.0,0.33081570996978854,3.300000389572233e-05
scheduling,Greedy_BR,dense,1075,100,621.0,0.061933534743202415,5.950000195298344e-05
scheduling,ML_RF,dense,1075,100,659,0.004531722054380665,0.026201699991361238
scheduling,ML_MLP,dense,1075,100,659,0.004531722054380665,0.0020995000086259097
scheduling,DP,dense,1076,100,674.0,0.0,0.00019950000569224358
scheduling,Greedy_EF,dense,1076,100,437.0,0.3516320474777448,5.539999983739108e-05
scheduling,Greedy_HW,dense,1076,100,476.0,0.29376854599406527,3.480000304989517e-05
scheduling,Greedy_BR,dense,1076,100,592.0,0.12166172106824925,5.880001117475331e-05
scheduling,ML_RF,dense,1076,100,652,0.032640949554896145,0.027261600000201724
scheduling,ML_MLP,dense,1076,100,610,0.09495548961424333,0.002549099997850135
scheduling,DP,dense,1077,100,550.0,0.0,0.00018620000628288835
scheduling,Greedy_EF,dense,1077,100,443.0,0.19454545454545455,4.509999416768551e-05
scheduling,Greedy_HW,dense,1077,100,296.0,0.4618181818181818,3.199999628122896e-05
scheduling,Greedy_BR,dense,1077,100,512.0,0.06909090909090909,5.459999374579638e-05
scheduling,ML_RF,dense,1077,100,537,0.023636363636363636,0.027347800001734868
scheduling,ML_MLP,dense,1077,100,522,0.05090909090909091,0.0029045999981462955
scheduling,DP,dense,1078,100,792.0,0.0,0.0002007999864872545
scheduling,Greedy_EF,dense,1078,100,611.0,0.22853535353535354,4.84000047435984e-05
scheduling,Greedy_HW,dense,1078,100,354.0,0.553030303030303,3.2099997042678297e-05
scheduling,Greedy_BR,dense,1078,100,705.0,0.10984848484848485,5.7199998991563916e-05
scheduling,ML_RF,dense,1078,100,772,0.025252525252525252,0.02725240000290796
scheduling,ML_MLP,dense,1078,100,747,0.056818181818181816,0.002609199989819899
scheduling,DP,dense,1079,100,716.0,0.0,0.00020149999181739986
scheduling,Greedy_EF,dense,1079,100,486.0,0.32122905027932963,4.949999856762588e-05
scheduling,Greedy_HW,dense,1079,100,358.0,0.5,3.510000533424318e-05
scheduling,Greedy_BR,dense,1079,100,579.0,0.19134078212290503,5.6800010497681797e-05
scheduling,ML_RF,dense,1079,100,677,0.05446927374301676,0.02824460000556428
scheduling,ML_MLP,dense,1079,100,577,0.1941340782122905,0.0020975999941583723
scheduling,DP,dense,1080,100,658.0,0.0,0.00020399999630171806
scheduling,Greedy_EF,dense,1080,100,601.0,0.08662613981762918,4.650000482797623e-05
scheduling,Greedy_HW,dense,1080,100,394.0,0.4012158054711246,3.2099997042678297e-05
scheduling,Greedy_BR,dense,1080,100,601.0,0.08662613981762918,5.459999374579638e-05
scheduling,ML_RF,dense,1080,100,601,0.08662613981762918,0.026961900002788752
scheduling,ML_MLP,dense,1080,100,631,0.041033434650455926,0.0024256999895442277
scheduling,DP,dense,1081,100,638.0,0.0,0.00019359998987056315
scheduling,Greedy_EF,dense,1081,100,571.0,0.10501567398119123,4.50000079581514e-05
scheduling,Greedy_HW,dense,1081,100,540.0,0.1536050156739812,3.329999162815511e-05
scheduling,Greedy_BR,dense,1081,100,575.0,0.0987460815047022,5.6899996707215905e-05
scheduling,ML_RF,dense,1081,100,575,0.0987460815047022,0.027143999992404133
scheduling,ML_MLP,dense,1081,100,575,0.0987460815047022,0.0022709000040777028
scheduling,DP,dense,1082,100,709.0,0.0,0.00019540000357665122
scheduling,Greedy_EF,dense,1082,100,587.0,0.17207334273624825,5.09000092279166e-05
scheduling,Greedy_HW,dense,1082,100,551.0,0.22284908321579688,3.29999893438071e-05
scheduling,Greedy_BR,dense,1082,100,688.0,0.029619181946403384,5.8200006606057286e-05
scheduling,ML_RF,dense,1082,100,688,0.029619181946403384,0.02815710000868421
scheduling,ML_MLP,dense,1082,100,688,0.029619181946403384,0.0023724000056972727
scheduling,DP,dense,1083,100,443.0,0.0,0.00019159998919349164
scheduling,Greedy_EF,dense,1083,100,339.0,0.23476297968397292,3.9999998989515007e-05
scheduling,Greedy_HW,dense,1083,100,189.0,0.5733634311512416,3.0800001695752144e-05
scheduling,Greedy_BR,dense,1083,100,412.0,0.06997742663656885,5.18000015290454e-05
scheduling,ML_RF,dense,1083,100,403,0.09029345372460497,0.027028900003642775
scheduling,ML_MLP,dense,1083,100,412,0.06997742663656885,0.00216980000550393
scheduling,DP,dense,1084,100,592.0,0.0,0.00019910000264644623
scheduling,Greedy_EF,dense,1084,100,488.0,0.17567567567567569,4.740001168102026e-05
scheduling,Greedy_HW,dense,1084,100,514.0,0.13175675675675674,3.46999877365306e-05
scheduling,Greedy_BR,dense,1084,100,552.0,0.06756756756756757,5.729999975301325e-05
scheduling,ML_RF,dense,1084,100,530,0.10472972972972973,0.02735989999200683
scheduling,ML_MLP,dense,1084,100,544,0.08108108108108109,0.0022788999922340736
scheduling,DP,dense,1085,100,641.0,0.0,0.0001939000067068264
scheduling,Greedy_EF,dense,1085,100,471.0,0.26521060842433697,4.5999986468814313e-05
scheduling,Greedy_HW,dense,1085,100,535.0,0.16536661466458658,3.260000084992498e-05
scheduling,Greedy_BR,dense,1085,100,601.0,0.062402496099843996,5.679999594576657e-05
scheduling,ML_RF,dense,1085,100,558,0.1294851794071763,0.025891299999784678
scheduling,ML_MLP,dense,1085,100,483,0.24648985959438377,0.0023745999933453277
scheduling,DP,dense,1086,100,713.0,0.0,0.00018350000027567148
scheduling,Greedy_EF,dense,1086,100,498.0,0.3015427769985975,4.579999949783087e-05
scheduling,Greedy_HW,dense,1086,100,450.0,0.3688639551192146,3.330000618007034e-05
scheduling,Greedy_BR,dense,1086,100,659.0,0.07573632538569425,5.190000229049474e-05
scheduling,ML_RF,dense,1086,100,639,0.10378681626928471,0.027423699997598305
scheduling,ML_MLP,dense,1086,100,659,0.07573632538569425,0.002147099992725998
scheduling,DP,dense,1087,100,676.0,0.0,0.00020260000019334257
scheduling,Greedy_EF,dense,1087,100,594.0,0.12130177514792899,5.119999696034938e-05
scheduling,Greedy_HW,dense,1087,100,497.0,0.26479289940828404,3.7999998312443495e-05
scheduling,Greedy_BR,dense,1087,100,613.0,0.09319526627218935,6.140000186860561e-05
scheduling,ML_RF,dense,1087,100,620,0.08284023668639054,0.0285135000012815
scheduling,ML_MLP,dense,1087,100,652,0.03550295857988166,0.002030999996350147
scheduling,DP,dense,1088,100,829.0,0.0,0.00019839999731630087
scheduling,Greedy_EF,dense,1088,100,621.0,0.25090470446320867,5.09000092279166e-05
scheduling,Greedy_HW,dense,1088,100,501.0,0.3956574185765983,3.339999238960445e-05
scheduling,Greedy_BR,dense,1088,100,713.0,0.1399276236429433,6.70000008540228e-05
scheduling,ML_RF,dense,1088,100,777,0.06272617611580217,0.027461199992103502
scheduling,ML_MLP,dense,1088,100,777,0.06272617611580217,0.0022151000011945143
scheduling,DP,dense,1089,100,798.0,0.0,0.0001951000012923032
scheduling,Greedy_EF,dense,1089,100,624.0,0.21804511278195488,4.959999932907522e-05
scheduling,Greedy_HW,dense,1089,100,685.0,0.14160401002506265,3.539999306667596e-05
scheduling,Greedy_BR,dense,1089,100,679.0,0.14912280701754385,7.049999840091914e-05
scheduling,ML_RF,dense,1089,100,725,0.09147869674185463,0.02626869999221526
scheduling,ML_MLP,dense,1089,100,725,0.09147869674185463,0.0023922999971546233
scheduling,DP,adversarial,1090,6,60.0,0.0,6.999995093792677e-06
scheduling,Greedy_EF,adversarial,1090,6,60.0,0.0,6.700007361359894e-06
scheduling,Greedy_HW,adversarial,1090,6,50.0,0.16666666666666666,3.4999975468963385e-06
scheduling,Greedy_BR,adversarial,1090,6,60.0,0.0,5.699999746866524e-06
scheduling,ML_RF,adversarial,1090,6,60,0.0,0.025408200002857484
scheduling,ML_MLP,adversarial,1090,6,60,0.0,0.0006360999977914616
scheduling,DP,adversarial,1091,9,96.0,0.0,9.60000033956021e-06
scheduling,Greedy_EF,adversarial,1091,9,96.0,0.0,8.999995770864189e-06
scheduling,Greedy_HW,adversarial,1091,9,80.0,0.16666666666666666,4.2000028770416975e-06
scheduling,Greedy_BR,adversarial,1091,9,96.0,0.0,8.000002708286047e-06
scheduling,ML_RF,adversarial,1091,9,96,0.0,0.02597470000910107
scheduling,ML_MLP,adversarial,1091,9,96,0.0,0.0007737999985693023
scheduling,DP,adversarial,1092,13,144.0,0.0,1.379998866468668e-05
scheduling,Greedy_EF,adversarial,1092,13,144.0,0.0,1.2300006346777081e-05
scheduling,Greedy_HW,adversarial,1092,13,120.0,0.16666666666666666,5.49999822396785e-06
scheduling,Greedy_BR,adversarial,1092,13,144.0,0.0,1.3199998647905886e-05
scheduling,ML_RF,adversarial,1092,13,144,0.0,0.02593920000072103
scheduling,ML_MLP,adversarial,1092,13,144,0.0,0.0008851000020513311
scheduling,DP,adversarial,1093,21,240.0,0.0,2.4100008886307478e-05
scheduling,Greedy_EF,adversarial,1093,21,240.0,0.0,1.8100006855092943e-05
scheduling,Greedy_HW,adversarial,1093,21,200.0,0.16666666666666666,7.199996616691351e-06
scheduling,Greedy_BR,adversarial,1093,21,240.0,0.0,1.920000067912042e-05
scheduling,ML_RF,adversarial,1093,21,240,0.0,0.025721099998918362
scheduling,ML_MLP,adversarial,1093,21,200,0.16666666666666666,0.0010295000101905316
scheduling,DP,adversarial,1094,31,360.0,0.0,3.71999922208488e-05
scheduling,Greedy_EF,adversarial,1094,31,360.0,0.0,2.8700000257231295e-05
scheduling,Greedy_HW,adversarial,1094,31,300.0,0.16666666666666666,9.2999980552122e-06
scheduling,Greedy_BR,adversarial,1094,31,360.0,0.0,3.1799994758330286e-05
scheduling,ML_RF,adversarial,1094,31,360,0.0,0.02583040000172332
scheduling,ML_MLP,adversarial,1094,31,300,0.16666666666666666,0.0010184999991906807
